id,user_id,created_at,is_submitted,catalog_file_id,note
129,218,Sun Aug 31 2025 16:36:54 GMT+0400 (Gulf Standard Time),1,81,
131,186,Fri Sep 05 2025 15:39:44 GMT+0400 (Gulf Standard Time),1,81,
132,153,Sat Sep 06 2025 06:22:55 GMT+0400 (Gulf Standard Time),1,83,
133,153,Sat Sep 06 2025 06:24:39 GMT+0400 (Gulf Standard Time),1,81,
134,167,Sat Sep 06 2025 08:31:38 GMT+0400 (Gulf Standard Time),1,81,
135,170,Sat Sep 06 2025 10:00:53 GMT+0400 (Gulf Standard Time),1,81,
137,160,Sat Sep 06 2025 10:02:39 GMT+0400 (Gulf Standard Time),1,86,
138,160,Sat Sep 06 2025 10:09:26 GMT+0400 (Gulf Standard Time),1,86,
139,160,Sat Sep 06 2025 10:10:31 GMT+0400 (Gulf Standard Time),1,86,
142,186,Sun Sep 07 2025 00:23:32 GMT+0400 (Gulf Standard Time),1,86,
144,186,Mon Sep 08 2025 10:57:30 GMT+0400 (Gulf Standard Time),1,76,
145,171,Mon Sep 08 2025 11:46:58 GMT+0400 (Gulf Standard Time),1,81,
146,151,Mon Sep 08 2025 12:21:53 GMT+0400 (Gulf Standard Time),1,86,
147,188,Mon Sep 08 2025 13:13:19 GMT+0400 (Gulf Standard Time),1,81,
148,188,Mon Sep 08 2025 13:15:38 GMT+0400 (Gulf Standard Time),1,83,
149,203,Mon Sep 08 2025 14:00:15 GMT+0400 (Gulf Standard Time),1,72,
151,165,Mon Sep 08 2025 14:18:10 GMT+0400 (Gulf Standard Time),1,86,
152,219,Mon Sep 08 2025 15:16:45 GMT+0400 (Gulf Standard Time),1,86,
153,160,Mon Sep 08 2025 15:53:02 GMT+0400 (Gulf Standard Time),1,86,
154,160,Mon Sep 08 2025 16:01:58 GMT+0400 (Gulf Standard Time),1,81,
155,153,Mon Sep 08 2025 16:21:20 GMT+0400 (Gulf Standard Time),1,76,
156,143,Mon Sep 08 2025 19:06:02 GMT+0400 (Gulf Standard Time),1,81,
157,186,Mon Sep 08 2025 22:13:06 GMT+0400 (Gulf Standard Time),1,87,
158,140,Mon Sep 08 2025 22:15:46 GMT+0400 (Gulf Standard Time),1,86,
161,207,Tue Sep 09 2025 08:50:16 GMT+0400 (Gulf Standard Time),1,87,
162,207,Tue Sep 09 2025 08:53:55 GMT+0400 (Gulf Standard Time),1,90,
163,207,Tue Sep 09 2025 08:56:15 GMT+0400 (Gulf Standard Time),1,75,
164,186,Tue Sep 09 2025 09:27:22 GMT+0400 (Gulf Standard Time),1,90,
165,164,Tue Sep 09 2025 12:18:55 GMT+0400 (Gulf Standard Time),1,81,
171,206,Tue Sep 09 2025 15:34:51 GMT+0400 (Gulf Standard Time),1,76,
174,143,Tue Sep 09 2025 15:39:53 GMT+0400 (Gulf Standard Time),1,76,
175,183,Tue Sep 09 2025 15:42:33 GMT+0400 (Gulf Standard Time),1,76,
179,186,Tue Sep 09 2025 15:57:00 GMT+0400 (Gulf Standard Time),1,76,pour Danielle ABADIE
180,203,Tue Sep 09 2025 16:14:38 GMT+0400 (Gulf Standard Time),1,76,
181,203,Tue Sep 09 2025 16:19:40 GMT+0400 (Gulf Standard Time),1,87,
183,184,Tue Sep 09 2025 17:53:08 GMT+0400 (Gulf Standard Time),1,76,
184,184,Tue Sep 09 2025 17:59:24 GMT+0400 (Gulf Standard Time),1,81,
186,153,Tue Sep 09 2025 18:21:35 GMT+0400 (Gulf Standard Time),1,90,
188,188,Tue Sep 09 2025 18:51:03 GMT+0400 (Gulf Standard Time),1,90,
189,188,Tue Sep 09 2025 18:52:58 GMT+0400 (Gulf Standard Time),1,87,
190,188,Tue Sep 09 2025 18:54:04 GMT+0400 (Gulf Standard Time),1,76,
191,188,Tue Sep 09 2025 22:33:43 GMT+0400 (Gulf Standard Time),1,81,
192,170,Tue Sep 09 2025 23:12:35 GMT+0400 (Gulf Standard Time),1,90,
193,170,Tue Sep 09 2025 23:20:54 GMT+0400 (Gulf Standard Time),1,76,
194,170,Tue Sep 09 2025 23:22:03 GMT+0400 (Gulf Standard Time),1,86,
195,170,Tue Sep 09 2025 23:23:17 GMT+0400 (Gulf Standard Time),1,87,
197,209,Wed Sep 10 2025 00:10:42 GMT+0400 (Gulf Standard Time),1,90,Ok
198,218,Wed Sep 10 2025 08:11:38 GMT+0400 (Gulf Standard Time),1,72,avec 2 paquets de merguez
200,155,Wed Sep 10 2025 17:54:33 GMT+0400 (Gulf Standard Time),1,76,
201,155,Wed Sep 10 2025 17:55:57 GMT+0400 (Gulf Standard Time),1,90,
202,155,Wed Sep 10 2025 17:59:28 GMT+0400 (Gulf Standard Time),1,73,
203,155,Wed Sep 10 2025 18:00:28 GMT+0400 (Gulf Standard Time),1,75,
207,204,Wed Sep 10 2025 18:40:35 GMT+0400 (Gulf Standard Time),1,90,
208,204,Wed Sep 10 2025 18:42:40 GMT+0400 (Gulf Standard Time),1,87,
212,181,Wed Sep 10 2025 22:16:33 GMT+0400 (Gulf Standard Time),1,82,
213,181,Wed Sep 10 2025 22:27:07 GMT+0400 (Gulf Standard Time),1,87,
221,153,Thu Sep 11 2025 09:35:32 GMT+0400 (Gulf Standard Time),1,87,
222,218,Thu Sep 11 2025 09:37:52 GMT+0400 (Gulf Standard Time),1,73,
224,218,Thu Sep 11 2025 15:53:21 GMT+0400 (Gulf Standard Time),1,76,
227,170,Thu Sep 11 2025 18:53:52 GMT+0400 (Gulf Standard Time),1,90,
230,183,Thu Sep 11 2025 19:59:11 GMT+0400 (Gulf Standard Time),1,87,
231,190,Thu Sep 11 2025 22:00:41 GMT+0400 (Gulf Standard Time),1,87,
238,174,Fri Sep 12 2025 19:38:49 GMT+0400 (Gulf Standard Time),1,81,
239,152,Sat Sep 13 2025 10:39:06 GMT+0400 (Gulf Standard Time),1,81,
241,152,Sat Sep 13 2025 10:46:54 GMT+0400 (Gulf Standard Time),1,82,
242,152,Sat Sep 13 2025 10:49:03 GMT+0400 (Gulf Standard Time),1,90,
243,152,Sat Sep 13 2025 10:51:32 GMT+0400 (Gulf Standard Time),1,87,
244,182,Sat Sep 13 2025 11:41:23 GMT+0400 (Gulf Standard Time),1,81,
245,183,Sat Sep 13 2025 11:53:51 GMT+0400 (Gulf Standard Time),1,75,
246,186,Sat Sep 13 2025 16:23:34 GMT+0400 (Gulf Standard Time),1,75,
248,218,Sun Sep 14 2025 21:40:08 GMT+0400 (Gulf Standard Time),1,90,
249,198,Tue Sep 16 2025 11:02:26 GMT+0400 (Gulf Standard Time),1,87,Merciiii !
254,218,Wed Sep 17 2025 10:34:15 GMT+0400 (Gulf Standard Time),1,75,
258,207,Thu Sep 18 2025 08:19:39 GMT+0400 (Gulf Standard Time),1,86,
271,184,Thu Sep 18 2025 20:02:10 GMT+0400 (Gulf Standard Time),1,87,
274,138,Thu Sep 18 2025 20:54:04 GMT+0400 (Gulf Standard Time),1,104,
278,138,Thu Sep 18 2025 22:28:43 GMT+0400 (Gulf Standard Time),1,87,
280,143,Fri Sep 19 2025 13:08:20 GMT+0400 (Gulf Standard Time),1,83,
284,170,Fri Sep 19 2025 13:29:07 GMT+0400 (Gulf Standard Time),1,83,
285,164,Fri Sep 19 2025 14:27:20 GMT+0400 (Gulf Standard Time),1,83,
286,164,Fri Sep 19 2025 15:02:49 GMT+0400 (Gulf Standard Time),1,104,
287,151,Fri Sep 19 2025 16:32:36 GMT+0400 (Gulf Standard Time),1,82,
290,153,Fri Sep 19 2025 18:24:49 GMT+0400 (Gulf Standard Time),1,114,
291,218,Fri Sep 19 2025 18:27:45 GMT+0400 (Gulf Standard Time),1,104,
292,174,Fri Sep 19 2025 19:23:44 GMT+0400 (Gulf Standard Time),1,83,
293,207,Fri Sep 19 2025 22:43:10 GMT+0400 (Gulf Standard Time),1,82,
297,218,Sat Sep 20 2025 11:56:19 GMT+0400 (Gulf Standard Time),1,87,
298,218,Sat Sep 20 2025 14:00:06 GMT+0400 (Gulf Standard Time),1,82,
299,218,Sat Sep 20 2025 14:09:17 GMT+0400 (Gulf Standard Time),1,83,
304,196,Sun Sep 21 2025 20:41:51 GMT+0400 (Gulf Standard Time),1,113,
305,177,Mon Sep 22 2025 14:38:57 GMT+0400 (Gulf Standard Time),1,98,
307,196,Mon Sep 22 2025 16:09:50 GMT+0400 (Gulf Standard Time),1,82,
310,157,Mon Sep 22 2025 19:46:26 GMT+0400 (Gulf Standard Time),1,98,
312,157,Mon Sep 22 2025 19:48:16 GMT+0400 (Gulf Standard Time),1,74,
313,184,Tue Sep 23 2025 15:22:32 GMT+0400 (Gulf Standard Time),1,113,
322,207,Wed Sep 24 2025 08:05:53 GMT+0400 (Gulf Standard Time),1,116,
324,200,Wed Sep 24 2025 17:30:07 GMT+0400 (Gulf Standard Time),1,113,
330,218,Thu Sep 25 2025 21:59:09 GMT+0400 (Gulf Standard Time),1,98,
331,170,Thu Sep 25 2025 22:01:06 GMT+0400 (Gulf Standard Time),1,113,
332,170,Thu Sep 25 2025 22:05:16 GMT+0400 (Gulf Standard Time),1,116,
338,218,Fri Sep 26 2025 09:28:25 GMT+0400 (Gulf Standard Time),1,102,
340,201,Fri Sep 26 2025 10:28:54 GMT+0400 (Gulf Standard Time),1,102,
341,201,Fri Sep 26 2025 10:39:33 GMT+0400 (Gulf Standard Time),1,127,
342,201,Fri Sep 26 2025 10:40:53 GMT+0400 (Gulf Standard Time),1,116,
343,201,Fri Sep 26 2025 10:42:51 GMT+0400 (Gulf Standard Time),1,126,
344,152,Fri Sep 26 2025 11:56:00 GMT+0400 (Gulf Standard Time),1,113,
347,164,Fri Sep 26 2025 12:30:25 GMT+0400 (Gulf Standard Time),1,113,
348,164,Fri Sep 26 2025 12:32:53 GMT+0400 (Gulf Standard Time),1,116,
349,186,Sat Sep 27 2025 09:01:15 GMT+0400 (Gulf Standard Time),1,116,
354,218,Sat Sep 27 2025 13:39:38 GMT+0400 (Gulf Standard Time),1,119,
355,218,Sat Sep 27 2025 13:44:52 GMT+0400 (Gulf Standard Time),1,127,
356,170,Sat Sep 27 2025 14:11:58 GMT+0400 (Gulf Standard Time),1,98,
357,170,Sat Sep 27 2025 14:13:28 GMT+0400 (Gulf Standard Time),1,98,Eve Lyne Garcia
364,174,Sat Sep 27 2025 18:03:06 GMT+0400 (Gulf Standard Time),1,114,
366,186,Sat Sep 27 2025 18:08:09 GMT+0400 (Gulf Standard Time),1,113,
368,207,Sat Sep 27 2025 18:34:53 GMT+0400 (Gulf Standard Time),1,98,
369,218,Sat Sep 27 2025 20:51:36 GMT+0400 (Gulf Standard Time),1,113,
370,218,Sat Sep 27 2025 21:14:46 GMT+0400 (Gulf Standard Time),1,114,
386,207,Sun Sep 28 2025 18:04:15 GMT+0400 (Gulf Standard Time),1,127,
403,186,Tue Sep 30 2025 09:28:05 GMT+0400 (Gulf Standard Time),1,132,
404,186,Tue Sep 30 2025 09:32:59 GMT+0400 (Gulf Standard Time),1,127,
420,205,Tue Sep 30 2025 19:35:23 GMT+0400 (Gulf Standard Time),1,102,
425,183,Tue Sep 30 2025 19:48:34 GMT+0400 (Gulf Standard Time),1,116,
426,183,Tue Sep 30 2025 19:49:31 GMT+0400 (Gulf Standard Time),1,126,
429,205,Tue Sep 30 2025 19:51:13 GMT+0400 (Gulf Standard Time),1,116,
434,144,Tue Sep 30 2025 20:42:57 GMT+0400 (Gulf Standard Time),1,116,
440,153,Wed Oct 01 2025 09:06:34 GMT+0400 (Gulf Standard Time),1,116,
445,180,Wed Oct 01 2025 16:01:13 GMT+0400 (Gulf Standard Time),1,102,
447,180,Wed Oct 01 2025 16:06:24 GMT+0400 (Gulf Standard Time),1,127,
458,154,Thu Oct 02 2025 16:59:02 GMT+0400 (Gulf Standard Time),1,116,
464,170,Thu Oct 02 2025 21:54:05 GMT+0400 (Gulf Standard Time),1,133,
465,170,Thu Oct 02 2025 21:54:37 GMT+0400 (Gulf Standard Time),1,133,
475,218,Fri Oct 03 2025 15:47:52 GMT+0400 (Gulf Standard Time),1,126,
477,153,Fri Oct 03 2025 16:10:54 GMT+0400 (Gulf Standard Time),1,133,
481,200,Sat Oct 04 2025 08:13:29 GMT+0400 (Gulf Standard Time),1,132,
482,218,Sat Oct 04 2025 10:15:19 GMT+0400 (Gulf Standard Time),1,139,
484,218,Sat Oct 04 2025 10:19:30 GMT+0400 (Gulf Standard Time),1,140,
485,191,Sun Oct 05 2025 21:29:38 GMT+0400 (Gulf Standard Time),1,138,
488,174,Mon Oct 06 2025 07:41:19 GMT+0400 (Gulf Standard Time),1,139,
489,153,Mon Oct 06 2025 11:15:54 GMT+0400 (Gulf Standard Time),1,139,
490,188,Mon Oct 06 2025 15:25:00 GMT+0400 (Gulf Standard Time),1,139,
492,155,Mon Oct 06 2025 19:09:29 GMT+0400 (Gulf Standard Time),1,138,
498,188,Tue Oct 07 2025 11:59:04 GMT+0400 (Gulf Standard Time),1,139,
512,209,Tue Oct 07 2025 16:15:02 GMT+0400 (Gulf Standard Time),1,132,Ok
513,144,Tue Oct 07 2025 17:38:20 GMT+0400 (Gulf Standard Time),1,139,
515,144,Tue Oct 07 2025 18:09:34 GMT+0400 (Gulf Standard Time),1,140,
523,161,Thu Oct 09 2025 18:01:50 GMT+0400 (Gulf Standard Time),1,132,
525,161,Thu Oct 09 2025 18:05:09 GMT+0400 (Gulf Standard Time),1,139,
529,218,Thu Oct 09 2025 20:00:28 GMT+0400 (Gulf Standard Time),1,143,
532,205,Thu Oct 09 2025 22:01:19 GMT+0400 (Gulf Standard Time),1,139,
535,188,Fri Oct 10 2025 01:12:21 GMT+0400 (Gulf Standard Time),1,133,
537,152,Fri Oct 10 2025 08:58:10 GMT+0400 (Gulf Standard Time),1,140,
538,152,Fri Oct 10 2025 08:59:22 GMT+0400 (Gulf Standard Time),1,139,
539,186,Fri Oct 10 2025 09:32:13 GMT+0400 (Gulf Standard Time),1,140,
543,182,Fri Oct 10 2025 13:18:05 GMT+0400 (Gulf Standard Time),1,139,
548,164,Fri Oct 10 2025 16:09:08 GMT+0400 (Gulf Standard Time),1,139,
551,184,Fri Oct 10 2025 19:56:16 GMT+0400 (Gulf Standard Time),1,139,
555,188,Sat Oct 11 2025 07:14:40 GMT+0400 (Gulf Standard Time),1,147,
558,191,Sat Oct 11 2025 13:13:53 GMT+0400 (Gulf Standard Time),1,139,
560,158,Sat Oct 11 2025 16:57:28 GMT+0400 (Gulf Standard Time),1,140,
562,156,Sat Oct 11 2025 20:38:36 GMT+0400 (Gulf Standard Time),1,140,
566,153,Sun Oct 12 2025 09:55:11 GMT+0400 (Gulf Standard Time),1,147,
569,170,Sun Oct 12 2025 16:54:42 GMT+0400 (Gulf Standard Time),1,140,
570,208,Mon Oct 13 2025 12:06:04 GMT+0400 (Gulf Standard Time),1,133,
571,208,Mon Oct 13 2025 12:08:06 GMT+0400 (Gulf Standard Time),1,132,
573,167,Wed Oct 15 2025 13:15:55 GMT+0400 (Gulf Standard Time),1,147,
574,167,Wed Oct 15 2025 13:19:16 GMT+0400 (Gulf Standard Time),1,73,
575,168,Wed Oct 15 2025 18:22:04 GMT+0400 (Gulf Standard Time),1,147,
579,181,Thu Oct 16 2025 21:32:34 GMT+0400 (Gulf Standard Time),1,147,
580,200,Fri Oct 17 2025 08:47:05 GMT+0400 (Gulf Standard Time),1,147,
582,198,Fri Oct 17 2025 10:27:46 GMT+0400 (Gulf Standard Time),1,77,
585,153,Fri Oct 17 2025 13:26:27 GMT+0400 (Gulf Standard Time),1,148,
586,218,Fri Oct 17 2025 13:27:41 GMT+0400 (Gulf Standard Time),1,149,
587,218,Fri Oct 17 2025 13:31:32 GMT+0400 (Gulf Standard Time),1,128,
588,164,Fri Oct 17 2025 15:59:35 GMT+0400 (Gulf Standard Time),1,147,
589,174,Fri Oct 17 2025 21:53:18 GMT+0400 (Gulf Standard Time),1,148,
599,186,Fri Oct 17 2025 22:52:54 GMT+0400 (Gulf Standard Time),1,147,
600,186,Fri Oct 17 2025 22:55:49 GMT+0400 (Gulf Standard Time),1,148,
602,152,Sat Oct 18 2025 10:29:15 GMT+0400 (Gulf Standard Time),1,147,
603,152,Sat Oct 18 2025 10:31:47 GMT+0400 (Gulf Standard Time),1,133,
605,218,Sat Oct 18 2025 10:47:42 GMT+0400 (Gulf Standard Time),1,147,
606,182,Sat Oct 18 2025 10:50:18 GMT+0400 (Gulf Standard Time),1,147,
607,218,Sat Oct 18 2025 10:51:37 GMT+0400 (Gulf Standard Time),1,148,
610,155,Sat Oct 18 2025 12:53:50 GMT+0400 (Gulf Standard Time),1,152,
611,155,Sat Oct 18 2025 12:54:43 GMT+0400 (Gulf Standard Time),1,128,
615,155,Sat Oct 18 2025 12:57:34 GMT+0400 (Gulf Standard Time),1,74,
618,153,Sat Oct 18 2025 13:52:42 GMT+0400 (Gulf Standard Time),1,152,
621,170,Sat Oct 18 2025 20:38:38 GMT+0400 (Gulf Standard Time),1,153,
623,183,Sun Oct 19 2025 09:54:36 GMT+0400 (Gulf Standard Time),1,152,
624,153,Sun Oct 19 2025 19:38:51 GMT+0400 (Gulf Standard Time),1,152,
625,196,Sun Oct 19 2025 21:16:19 GMT+0400 (Gulf Standard Time),1,153,
628,207,Mon Oct 20 2025 09:01:55 GMT+0400 (Gulf Standard Time),1,152,
634,166,Mon Oct 20 2025 11:24:43 GMT+0400 (Gulf Standard Time),1,124,
635,144,Mon Oct 20 2025 19:11:00 GMT+0400 (Gulf Standard Time),1,153,
636,203,Mon Oct 20 2025 19:35:57 GMT+0400 (Gulf Standard Time),1,152,
637,203,Mon Oct 20 2025 19:38:32 GMT+0400 (Gulf Standard Time),1,124,
638,203,Mon Oct 20 2025 19:39:49 GMT+0400 (Gulf Standard Time),1,133,
639,203,Mon Oct 20 2025 19:40:28 GMT+0400 (Gulf Standard Time),1,73,
640,203,Mon Oct 20 2025 19:41:43 GMT+0400 (Gulf Standard Time),1,77,
645,143,Mon Oct 20 2025 20:01:53 GMT+0400 (Gulf Standard Time),1,124,
647,143,Mon Oct 20 2025 20:05:45 GMT+0400 (Gulf Standard Time),1,153,
649,143,Mon Oct 20 2025 20:09:46 GMT+0400 (Gulf Standard Time),1,128,
650,151,Tue Oct 21 2025 16:55:54 GMT+0400 (Gulf Standard Time),1,153,
653,183,Wed Oct 22 2025 13:42:32 GMT+0400 (Gulf Standard Time),1,124,
654,186,Wed Oct 22 2025 14:00:36 GMT+0400 (Gulf Standard Time),1,160,
656,186,Wed Oct 22 2025 14:03:45 GMT+0400 (Gulf Standard Time),1,128,Mettre la joue de bœuf dans une seule poche 
658,207,Wed Oct 22 2025 21:23:27 GMT+0400 (Gulf Standard Time),1,124,
659,170,Wed Oct 22 2025 21:58:58 GMT+0400 (Gulf Standard Time),1,77,CHRISTINE BIBEN 
660,170,Wed Oct 22 2025 22:01:44 GMT+0400 (Gulf Standard Time),1,77,SANDRA MASSON
662,170,Wed Oct 22 2025 22:04:16 GMT+0400 (Gulf Standard Time),1,77,CHANTAL DARTIGUENAVE
664,170,Wed Oct 22 2025 22:12:09 GMT+0400 (Gulf Standard Time),1,161,POUR COOPAZ A METTRE EN LIBRE SERVICE SVP
665,170,Wed Oct 22 2025 22:14:32 GMT+0400 (Gulf Standard Time),1,160,
666,170,Wed Oct 22 2025 22:15:51 GMT+0400 (Gulf Standard Time),1,124,
667,167,Thu Oct 23 2025 07:52:21 GMT+0400 (Gulf Standard Time),1,124,
673,161,Thu Oct 23 2025 09:12:31 GMT+0400 (Gulf Standard Time),1,77,
674,156,Thu Oct 23 2025 15:30:16 GMT+0400 (Gulf Standard Time),1,152,
678,186,Fri Oct 24 2025 11:26:29 GMT+0400 (Gulf Standard Time),1,152,
679,186,Fri Oct 24 2025 11:30:07 GMT+0400 (Gulf Standard Time),1,153,
680,186,Fri Oct 24 2025 11:32:30 GMT+0400 (Gulf Standard Time),1,154,
681,186,Fri Oct 24 2025 11:34:12 GMT+0400 (Gulf Standard Time),1,124,
682,186,Fri Oct 24 2025 11:37:30 GMT+0400 (Gulf Standard Time),1,133,
683,218,Fri Oct 24 2025 13:20:54 GMT+0400 (Gulf Standard Time),1,153,
684,218,Fri Oct 24 2025 13:22:46 GMT+0400 (Gulf Standard Time),1,154,
685,182,Fri Oct 24 2025 13:26:29 GMT+0400 (Gulf Standard Time),1,154,
693,205,Fri Oct 24 2025 18:59:06 GMT+0400 (Gulf Standard Time),1,124,Quelle date de livraison ?
697,205,Fri Oct 24 2025 19:02:42 GMT+0400 (Gulf Standard Time),1,160,
698,205,Fri Oct 24 2025 19:04:10 GMT+0400 (Gulf Standard Time),1,128,
700,174,Fri Oct 24 2025 19:45:59 GMT+0400 (Gulf Standard Time),1,154,
706,200,Sat Oct 25 2025 08:42:17 GMT+0400 (Gulf Standard Time),1,153,
709,181,Sat Oct 25 2025 09:18:37 GMT+0400 (Gulf Standard Time),1,160,
710,201,Sat Oct 25 2025 11:22:19 GMT+0400 (Gulf Standard Time),1,124,
712,157,Sat Oct 25 2025 18:19:06 GMT+0400 (Gulf Standard Time),1,124,
714,218,Sat Oct 25 2025 19:24:21 GMT+0400 (Gulf Standard Time),1,150,
715,218,Sat Oct 25 2025 19:45:09 GMT+0400 (Gulf Standard Time),1,152,
716,158,Sat Oct 25 2025 20:17:04 GMT+0400 (Gulf Standard Time),1,161,
731,151,Sun Oct 26 2025 09:54:41 GMT+0400 (Gulf Standard Time),1,160,
733,200,Sun Oct 26 2025 12:18:23 GMT+0400 (Gulf Standard Time),1,160,
734,186,Sun Oct 26 2025 14:13:47 GMT+0400 (Gulf Standard Time),1,165,
738,196,Sun Oct 26 2025 18:57:05 GMT+0400 (Gulf Standard Time),1,167,
742,152,Mon Oct 27 2025 10:10:13 GMT+0400 (Gulf Standard Time),1,167,
746,218,Tue Oct 28 2025 08:04:06 GMT+0400 (Gulf Standard Time),1,160,
747,218,Tue Oct 28 2025 08:13:05 GMT+0400 (Gulf Standard Time),1,179,
749,158,Tue Oct 28 2025 11:28:53 GMT+0400 (Gulf Standard Time),1,77,
750,158,Tue Oct 28 2025 11:33:42 GMT+0400 (Gulf Standard Time),1,124,
752,222,Tue Oct 28 2025 15:41:36 GMT+0400 (Gulf Standard Time),1,160,
753,222,Tue Oct 28 2025 15:43:53 GMT+0400 (Gulf Standard Time),1,179,
756,205,Tue Oct 28 2025 17:52:22 GMT+0400 (Gulf Standard Time),1,167,
758,209,Tue Oct 28 2025 18:06:01 GMT+0400 (Gulf Standard Time),1,164,Ok
759,209,Tue Oct 28 2025 18:07:25 GMT+0400 (Gulf Standard Time),1,160,Ok
760,209,Tue Oct 28 2025 18:13:43 GMT+0400 (Gulf Standard Time),1,179,Ok
761,204,Tue Oct 28 2025 20:03:41 GMT+0400 (Gulf Standard Time),1,124,
762,164,Tue Oct 28 2025 21:55:45 GMT+0400 (Gulf Standard Time),1,167,
763,164,Tue Oct 28 2025 21:57:37 GMT+0400 (Gulf Standard Time),1,160,
771,153,Wed Oct 29 2025 16:40:05 GMT+0400 (Gulf Standard Time),1,124,
772,174,Wed Oct 29 2025 22:07:00 GMT+0400 (Gulf Standard Time),1,168,
776,170,Thu Oct 30 2025 08:04:58 GMT+0400 (Gulf Standard Time),1,124,
779,186,Thu Oct 30 2025 08:47:36 GMT+0400 (Gulf Standard Time),1,179,
782,143,Thu Oct 30 2025 09:11:31 GMT+0400 (Gulf Standard Time),1,167,
795,166,Thu Oct 30 2025 18:21:44 GMT+0400 (Gulf Standard Time),1,77,
796,168,Thu Oct 30 2025 19:07:13 GMT+0400 (Gulf Standard Time),1,167,
797,181,Fri Oct 31 2025 07:44:20 GMT+0400 (Gulf Standard Time),1,167,
798,200,Fri Oct 31 2025 08:38:43 GMT+0400 (Gulf Standard Time),1,167,
799,188,Fri Oct 31 2025 09:26:25 GMT+0400 (Gulf Standard Time),1,167,
800,188,Fri Oct 31 2025 09:28:53 GMT+0400 (Gulf Standard Time),1,160,
801,188,Fri Oct 31 2025 09:34:00 GMT+0400 (Gulf Standard Time),1,180,
803,182,Fri Oct 31 2025 10:44:01 GMT+0400 (Gulf Standard Time),1,168,
804,186,Fri Oct 31 2025 11:28:42 GMT+0400 (Gulf Standard Time),1,167,
805,186,Fri Oct 31 2025 11:30:45 GMT+0400 (Gulf Standard Time),1,168,
807,144,Fri Oct 31 2025 18:43:36 GMT+0400 (Gulf Standard Time),1,167,
809,156,Fri Oct 31 2025 21:07:35 GMT+0400 (Gulf Standard Time),1,168,
810,156,Fri Oct 31 2025 21:12:56 GMT+0400 (Gulf Standard Time),1,164,
811,218,Sat Nov 01 2025 09:27:22 GMT+0400 (Gulf Standard Time),1,167,
812,218,Sat Nov 01 2025 09:29:30 GMT+0400 (Gulf Standard Time),1,168,
813,136,Sat Nov 01 2025 14:18:11 GMT+0400 (Gulf Standard Time),1,77,
814,205,Sat Nov 01 2025 16:32:47 GMT+0400 (Gulf Standard Time),1,180,
817,197,Sun Nov 02 2025 09:05:07 GMT+0400 (Gulf Standard Time),1,173,
818,197,Sun Nov 02 2025 09:07:17 GMT+0400 (Gulf Standard Time),1,182,
819,197,Sun Nov 02 2025 09:09:04 GMT+0400 (Gulf Standard Time),1,124,
824,197,Sun Nov 02 2025 09:18:33 GMT+0400 (Gulf Standard Time),1,180,
825,197,Sun Nov 02 2025 09:23:31 GMT+0400 (Gulf Standard Time),1,77,
827,170,Sun Nov 02 2025 09:38:42 GMT+0400 (Gulf Standard Time),1,184,
828,170,Sun Nov 02 2025 09:39:52 GMT+0400 (Gulf Standard Time),1,182,
849,209,Sun Nov 02 2025 12:21:33 GMT+0400 (Gulf Standard Time),1,185,
850,209,Sun Nov 02 2025 12:22:45 GMT+0400 (Gulf Standard Time),1,164,
851,209,Sun Nov 02 2025 12:23:58 GMT+0400 (Gulf Standard Time),1,180,Ok
852,209,Sun Nov 02 2025 12:26:44 GMT+0400 (Gulf Standard Time),1,73,Ok
853,209,Sun Nov 02 2025 12:28:20 GMT+0400 (Gulf Standard Time),1,182,Ok
856,190,Sun Nov 02 2025 14:14:33 GMT+0400 (Gulf Standard Time),1,124,
857,190,Sun Nov 02 2025 14:18:42 GMT+0400 (Gulf Standard Time),1,182,
862,174,Sun Nov 02 2025 18:24:27 GMT+0400 (Gulf Standard Time),1,173,2 KG bourguignon 1 kg merguez
866,153,Mon Nov 03 2025 09:10:06 GMT+0400 (Gulf Standard Time),1,185,
871,201,Mon Nov 03 2025 18:40:01 GMT+0400 (Gulf Standard Time),1,164,
881,170,Tue Nov 04 2025 20:25:56 GMT+0400 (Gulf Standard Time),1,161,
889,144,Wed Nov 05 2025 08:28:50 GMT+0400 (Gulf Standard Time),1,184,
890,144,Wed Nov 05 2025 08:29:45 GMT+0400 (Gulf Standard Time),1,182,
893,153,Wed Nov 05 2025 14:26:13 GMT+0400 (Gulf Standard Time),1,189,
894,154,Wed Nov 05 2025 16:32:46 GMT+0400 (Gulf Standard Time),1,124,
895,154,Wed Nov 05 2025 16:37:11 GMT+0400 (Gulf Standard Time),1,182,
900,183,Wed Nov 05 2025 19:53:52 GMT+0400 (Gulf Standard Time),1,182,
903,180,Thu Nov 06 2025 14:07:40 GMT+0400 (Gulf Standard Time),1,124,
905,180,Thu Nov 06 2025 14:10:28 GMT+0400 (Gulf Standard Time),1,184,
906,180,Thu Nov 06 2025 14:11:57 GMT+0400 (Gulf Standard Time),1,180,
907,180,Thu Nov 06 2025 14:14:12 GMT+0400 (Gulf Standard Time),1,182,
908,180,Thu Nov 06 2025 14:14:52 GMT+0400 (Gulf Standard Time),1,186,
911,174,Thu Nov 06 2025 21:32:55 GMT+0400 (Gulf Standard Time),1,184,
914,207,Fri Nov 07 2025 10:10:23 GMT+0400 (Gulf Standard Time),1,182,
915,137,Fri Nov 07 2025 11:16:43 GMT+0400 (Gulf Standard Time),1,184,
917,137,Fri Nov 07 2025 11:22:24 GMT+0400 (Gulf Standard Time),1,186,
922,164,Fri Nov 07 2025 16:15:06 GMT+0400 (Gulf Standard Time),1,184,
923,164,Fri Nov 07 2025 16:17:13 GMT+0400 (Gulf Standard Time),1,186,
924,156,Fri Nov 07 2025 18:59:30 GMT+0400 (Gulf Standard Time),1,184,
925,156,Fri Nov 07 2025 19:07:22 GMT+0400 (Gulf Standard Time),1,180,
927,186,Fri Nov 07 2025 19:49:26 GMT+0400 (Gulf Standard Time),1,184,
930,186,Fri Nov 07 2025 20:11:33 GMT+0400 (Gulf Standard Time),1,180,
932,155,Fri Nov 07 2025 20:34:15 GMT+0400 (Gulf Standard Time),1,187,
933,218,Fri Nov 07 2025 21:02:57 GMT+0400 (Gulf Standard Time),1,180,NORMALEMENT ON DOIT RECEVOIR 4 JAMBONS BLANCS NON FACTURER . merci de me tenir au courant par signal perso
934,218,Fri Nov 07 2025 21:10:37 GMT+0400 (Gulf Standard Time),1,186,
936,182,Sat Nov 08 2025 08:52:45 GMT+0400 (Gulf Standard Time),1,184,
937,218,Sat Nov 08 2025 14:05:26 GMT+0400 (Gulf Standard Time),1,184,
942,208,Mon Nov 10 2025 10:11:38 GMT+0400 (Gulf Standard Time),1,182,
948,205,Mon Nov 10 2025 13:55:57 GMT+0400 (Gulf Standard Time),1,173,
950,205,Mon Nov 10 2025 13:58:26 GMT+0400 (Gulf Standard Time),1,190,
951,200,Mon Nov 10 2025 14:45:24 GMT+0400 (Gulf Standard Time),1,192,
952,229,Tue Nov 11 2025 21:52:47 GMT+0400 (Gulf Standard Time),1,77,
953,218,Wed Nov 12 2025 11:26:16 GMT+0400 (Gulf Standard Time),1,124,
954,143,Wed Nov 12 2025 18:57:30 GMT+0400 (Gulf Standard Time),1,190,
956,143,Wed Nov 12 2025 19:00:00 GMT+0400 (Gulf Standard Time),1,77,
957,143,Wed Nov 12 2025 19:01:33 GMT+0400 (Gulf Standard Time),1,164,
959,152,Wed Nov 12 2025 19:57:23 GMT+0400 (Gulf Standard Time),1,190,
960,152,Wed Nov 12 2025 19:59:36 GMT+0400 (Gulf Standard Time),1,164,
961,152,Wed Nov 12 2025 20:01:54 GMT+0400 (Gulf Standard Time),1,182,
963,218,Thu Nov 13 2025 08:17:29 GMT+0400 (Gulf Standard Time),1,173,1 kg  bourguignon 2 X1 kg JARRET  ET 1 carton de S.H.
964,218,Thu Nov 13 2025 08:20:09 GMT+0400 (Gulf Standard Time),1,193,
965,218,Thu Nov 13 2025 08:36:02 GMT+0400 (Gulf Standard Time),1,182,
966,153,Thu Nov 13 2025 08:37:28 GMT+0400 (Gulf Standard Time),1,182,
967,150,Thu Nov 13 2025 13:03:42 GMT+0400 (Gulf Standard Time),1,182,
970,181,Thu Nov 13 2025 21:11:51 GMT+0400 (Gulf Standard Time),1,190,
972,174,Fri Nov 14 2025 05:21:02 GMT+0400 (Gulf Standard Time),1,191,
981,182,Fri Nov 14 2025 19:26:45 GMT+0400 (Gulf Standard Time),1,191,
982,182,Fri Nov 14 2025 19:27:49 GMT+0400 (Gulf Standard Time),1,191,
983,218,Fri Nov 14 2025 19:28:39 GMT+0400 (Gulf Standard Time),1,190,
984,218,Fri Nov 14 2025 19:29:46 GMT+0400 (Gulf Standard Time),1,191,
985,186,Fri Nov 14 2025 21:45:35 GMT+0400 (Gulf Standard Time),1,190,
990,218,Sat Nov 15 2025 19:38:25 GMT+0400 (Gulf Standard Time),1,193,
1005,169,Mon Nov 17 2025 12:58:33 GMT+0400 (Gulf Standard Time),1,185,
1006,169,Mon Nov 17 2025 12:59:17 GMT+0400 (Gulf Standard Time),1,164,
1008,199,Tue Nov 18 2025 08:23:51 GMT+0400 (Gulf Standard Time),1,77,
1012,180,Tue Nov 18 2025 09:16:27 GMT+0400 (Gulf Standard Time),1,77,
1014,143,Tue Nov 18 2025 09:42:45 GMT+0400 (Gulf Standard Time),1,192,
1017,143,Tue Nov 18 2025 09:48:21 GMT+0400 (Gulf Standard Time),1,192,
1018,143,Tue Nov 18 2025 09:53:07 GMT+0400 (Gulf Standard Time),1,196,
1022,143,Tue Nov 18 2025 12:46:27 GMT+0400 (Gulf Standard Time),1,192,
1029,207,Tue Nov 18 2025 19:09:05 GMT+0400 (Gulf Standard Time),1,164,
1032,164,Wed Nov 19 2025 08:02:35 GMT+0400 (Gulf Standard Time),1,198,
1034,164,Wed Nov 19 2025 08:04:29 GMT+0400 (Gulf Standard Time),1,197,
1035,164,Wed Nov 19 2025 08:05:23 GMT+0400 (Gulf Standard Time),1,195,
1036,180,Wed Nov 19 2025 10:32:08 GMT+0400 (Gulf Standard Time),1,196,
1037,180,Wed Nov 19 2025 10:34:12 GMT+0400 (Gulf Standard Time),1,199,
1039,168,Wed Nov 19 2025 10:46:58 GMT+0400 (Gulf Standard Time),1,198,
1040,168,Wed Nov 19 2025 10:50:14 GMT+0400 (Gulf Standard Time),1,195,
1043,188,Wed Nov 19 2025 14:05:01 GMT+0400 (Gulf Standard Time),1,198,
1044,188,Wed Nov 19 2025 14:08:51 GMT+0400 (Gulf Standard Time),1,195,
1045,201,Thu Nov 20 2025 13:41:38 GMT+0400 (Gulf Standard Time),1,197,
1046,186,Thu Nov 20 2025 15:09:28 GMT+0400 (Gulf Standard Time),1,198,
1055,221,Thu Nov 20 2025 18:00:00 GMT+0400 (Gulf Standard Time),1,77,
1059,221,Thu Nov 20 2025 18:09:18 GMT+0400 (Gulf Standard Time),1,164,
1063,205,Thu Nov 20 2025 18:48:57 GMT+0400 (Gulf Standard Time),1,198,
1066,170,Fri Nov 21 2025 06:53:02 GMT+0400 (Gulf Standard Time),1,77,Thermes Saubusse
1067,181,Fri Nov 21 2025 06:55:48 GMT+0400 (Gulf Standard Time),1,198,
1069,156,Fri Nov 21 2025 09:21:03 GMT+0400 (Gulf Standard Time),1,198,
1070,200,Fri Nov 21 2025 09:22:10 GMT+0400 (Gulf Standard Time),1,198,
1074,156,Fri Nov 21 2025 09:28:09 GMT+0400 (Gulf Standard Time),1,192,
1076,153,Fri Nov 21 2025 09:36:16 GMT+0400 (Gulf Standard Time),1,199,
1078,218,Fri Nov 21 2025 09:40:10 GMT+0400 (Gulf Standard Time),1,195,
1079,218,Fri Nov 21 2025 09:50:29 GMT+0400 (Gulf Standard Time),1,192,
1092,218,Sat Nov 22 2025 09:26:59 GMT+0400 (Gulf Standard Time),1,199,
1093,182,Sat Nov 22 2025 09:35:45 GMT+0400 (Gulf Standard Time),1,199,
1096,205,Sat Nov 22 2025 10:47:53 GMT+0400 (Gulf Standard Time),1,206,
1097,151,Sat Nov 22 2025 10:49:40 GMT+0400 (Gulf Standard Time),1,205,
1098,152,Sat Nov 22 2025 10:49:54 GMT+0400 (Gulf Standard Time),1,185,
1101,151,Sat Nov 22 2025 10:55:21 GMT+0400 (Gulf Standard Time),1,206,
1103,205,Sat Nov 22 2025 11:01:56 GMT+0400 (Gulf Standard Time),1,197,
1104,205,Sat Nov 22 2025 11:04:45 GMT+0400 (Gulf Standard Time),1,196,
1106,205,Sat Nov 22 2025 11:09:15 GMT+0400 (Gulf Standard Time),1,204,
1110,174,Sat Nov 22 2025 14:41:56 GMT+0400 (Gulf Standard Time),1,206,
1111,186,Sat Nov 22 2025 16:18:42 GMT+0400 (Gulf Standard Time),1,204,
1112,186,Sat Nov 22 2025 16:36:21 GMT+0400 (Gulf Standard Time),1,205,
1113,153,Sat Nov 22 2025 16:53:03 GMT+0400 (Gulf Standard Time),1,192,
1117,153,Sun Nov 23 2025 10:25:49 GMT+0400 (Gulf Standard Time),1,197,
1118,170,Sun Nov 23 2025 13:53:11 GMT+0400 (Gulf Standard Time),1,210,
1125,186,Sun Nov 23 2025 18:30:31 GMT+0400 (Gulf Standard Time),1,195,
1127,153,Mon Nov 24 2025 09:02:51 GMT+0400 (Gulf Standard Time),1,185,commande MELOU
1128,219,Mon Nov 24 2025 10:48:39 GMT+0400 (Gulf Standard Time),1,210,
1130,186,Mon Nov 24 2025 14:29:52 GMT+0400 (Gulf Standard Time),1,210,
1131,218,Mon Nov 24 2025 16:03:55 GMT+0400 (Gulf Standard Time),1,197,
1132,143,Mon Nov 24 2025 16:41:36 GMT+0400 (Gulf Standard Time),1,206,
1133,152,Mon Nov 24 2025 17:13:53 GMT+0400 (Gulf Standard Time),1,210,
1134,152,Mon Nov 24 2025 17:14:36 GMT+0400 (Gulf Standard Time),1,205,
1136,152,Mon Nov 24 2025 17:20:28 GMT+0400 (Gulf Standard Time),1,206,
1137,152,Mon Nov 24 2025 17:23:10 GMT+0400 (Gulf Standard Time),1,194,
1138,182,Mon Nov 24 2025 18:16:16 GMT+0400 (Gulf Standard Time),1,205,
1139,144,Mon Nov 24 2025 20:11:16 GMT+0400 (Gulf Standard Time),1,206,
1145,208,Tue Nov 25 2025 09:40:13 GMT+0400 (Gulf Standard Time),1,205,
1149,196,Tue Nov 25 2025 13:04:15 GMT+0400 (Gulf Standard Time),1,207,
1159,153,Wed Nov 26 2025 07:35:02 GMT+0400 (Gulf Standard Time),1,205,
1160,218,Wed Nov 26 2025 07:38:41 GMT+0400 (Gulf Standard Time),1,202,
1161,218,Wed Nov 26 2025 07:39:48 GMT+0400 (Gulf Standard Time),1,194,
1162,153,Wed Nov 26 2025 07:44:15 GMT+0400 (Gulf Standard Time),1,210,
1163,153,Wed Nov 26 2025 07:47:05 GMT+0400 (Gulf Standard Time),1,207,
1164,153,Wed Nov 26 2025 07:49:40 GMT+0400 (Gulf Standard Time),1,204,
1165,218,Wed Nov 26 2025 07:51:12 GMT+0400 (Gulf Standard Time),1,204,
1168,207,Wed Nov 26 2025 08:51:14 GMT+0400 (Gulf Standard Time),1,197,
1169,207,Wed Nov 26 2025 08:54:12 GMT+0400 (Gulf Standard Time),1,209,
1170,156,Wed Nov 26 2025 22:17:04 GMT+0400 (Gulf Standard Time),1,212,
1171,156,Wed Nov 26 2025 22:31:11 GMT+0400 (Gulf Standard Time),1,207,
1175,200,Thu Nov 27 2025 14:38:03 GMT+0400 (Gulf Standard Time),1,206,
1176,181,Thu Nov 27 2025 19:49:49 GMT+0400 (Gulf Standard Time),1,206,
1179,138,Thu Nov 27 2025 21:54:02 GMT+0400 (Gulf Standard Time),1,212,
1180,138,Thu Nov 27 2025 21:55:41 GMT+0400 (Gulf Standard Time),1,204,
1181,138,Thu Nov 27 2025 21:57:44 GMT+0400 (Gulf Standard Time),1,194,
1184,170,Fri Nov 28 2025 07:37:55 GMT+0400 (Gulf Standard Time),1,206,
1185,171,Fri Nov 28 2025 11:00:37 GMT+0400 (Gulf Standard Time),1,207,
1186,168,Fri Nov 28 2025 11:29:14 GMT+0400 (Gulf Standard Time),1,209,
1188,168,Fri Nov 28 2025 11:31:47 GMT+0400 (Gulf Standard Time),1,197,
1189,164,Fri Nov 28 2025 16:58:40 GMT+0400 (Gulf Standard Time),1,206,
1193,218,Fri Nov 28 2025 18:21:42 GMT+0400 (Gulf Standard Time),1,206,
1194,218,Fri Nov 28 2025 18:23:46 GMT+0400 (Gulf Standard Time),1,207,
1195,182,Fri Nov 28 2025 18:28:45 GMT+0400 (Gulf Standard Time),1,207,
1196,186,Fri Nov 28 2025 19:19:55 GMT+0400 (Gulf Standard Time),1,209,
1197,186,Fri Nov 28 2025 19:21:13 GMT+0400 (Gulf Standard Time),1,207,
1205,205,Sat Nov 29 2025 12:03:51 GMT+0400 (Gulf Standard Time),1,204,
1206,205,Sat Nov 29 2025 12:06:57 GMT+0400 (Gulf Standard Time),1,208,
1218,144,Sat Nov 29 2025 15:38:53 GMT+0400 (Gulf Standard Time),1,214,
1219,218,Sat Nov 29 2025 17:10:10 GMT+0400 (Gulf Standard Time),1,209,
1223,153,Sat Nov 29 2025 17:24:19 GMT+0400 (Gulf Standard Time),1,216,
1231,186,Sat Nov 29 2025 21:09:04 GMT+0400 (Gulf Standard Time),1,218,
1232,153,Sun Nov 30 2025 08:57:57 GMT+0400 (Gulf Standard Time),1,205,
1233,165,Sun Nov 30 2025 09:04:11 GMT+0400 (Gulf Standard Time),1,211,
1234,165,Sun Nov 30 2025 09:09:28 GMT+0400 (Gulf Standard Time),1,211,
1256,205,Sun Nov 30 2025 20:07:38 GMT+0400 (Gulf Standard Time),1,218,
1268,138,Sun Nov 30 2025 20:54:26 GMT+0400 (Gulf Standard Time),1,218,
1270,186,Mon Dec 01 2025 08:42:39 GMT+0400 (Gulf Standard Time),1,208,
1283,218,Mon Dec 01 2025 13:48:35 GMT+0400 (Gulf Standard Time),1,211,
1299,186,Tue Dec 02 2025 13:21:16 GMT+0400 (Gulf Standard Time),1,211,
1301,169,Tue Dec 02 2025 17:13:32 GMT+0400 (Gulf Standard Time),1,218,
1311,161,Wed Dec 03 2025 10:00:55 GMT+0400 (Gulf Standard Time),1,205,
1316,188,Wed Dec 03 2025 11:15:42 GMT+0400 (Gulf Standard Time),1,213,
1317,188,Wed Dec 03 2025 11:17:32 GMT+0400 (Gulf Standard Time),1,211,
1321,188,Wed Dec 03 2025 11:23:35 GMT+0400 (Gulf Standard Time),1,208,
1324,188,Wed Dec 03 2025 11:25:50 GMT+0400 (Gulf Standard Time),1,205,
1325,188,Wed Dec 03 2025 11:28:38 GMT+0400 (Gulf Standard Time),1,196,
1326,188,Wed Dec 03 2025 11:42:16 GMT+0400 (Gulf Standard Time),1,218,
1328,152,Wed Dec 03 2025 11:48:42 GMT+0400 (Gulf Standard Time),1,214,
1349,218,Wed Dec 03 2025 13:45:11 GMT+0400 (Gulf Standard Time),1,211,
1350,180,Wed Dec 03 2025 13:56:21 GMT+0400 (Gulf Standard Time),1,216,
1354,207,Wed Dec 03 2025 16:30:42 GMT+0400 (Gulf Standard Time),1,223,
1357,221,Wed Dec 03 2025 17:12:24 GMT+0400 (Gulf Standard Time),1,222,
1359,221,Wed Dec 03 2025 17:14:46 GMT+0400 (Gulf Standard Time),1,208,
1363,221,Wed Dec 03 2025 17:18:45 GMT+0400 (Gulf Standard Time),1,216,
1368,221,Wed Dec 03 2025 17:26:36 GMT+0400 (Gulf Standard Time),1,200,
1373,165,Wed Dec 03 2025 18:23:58 GMT+0400 (Gulf Standard Time),1,213,
1374,144,Wed Dec 03 2025 19:06:04 GMT+0400 (Gulf Standard Time),1,224,
1376,181,Wed Dec 03 2025 19:51:32 GMT+0400 (Gulf Standard Time),1,214,
1381,231,Wed Dec 03 2025 20:43:44 GMT+0400 (Gulf Standard Time),1,222,
1382,231,Wed Dec 03 2025 20:44:31 GMT+0400 (Gulf Standard Time),1,218,
1383,231,Wed Dec 03 2025 20:46:33 GMT+0400 (Gulf Standard Time),1,205,
1384,231,Wed Dec 03 2025 20:47:34 GMT+0400 (Gulf Standard Time),1,214,
1386,231,Wed Dec 03 2025 20:48:58 GMT+0400 (Gulf Standard Time),1,223,
1390,186,Wed Dec 03 2025 23:48:31 GMT+0400 (Gulf Standard Time),1,221,
1392,182,Thu Dec 04 2025 07:49:57 GMT+0400 (Gulf Standard Time),1,215,
1396,143,Thu Dec 04 2025 13:35:05 GMT+0400 (Gulf Standard Time),1,214,
1397,143,Thu Dec 04 2025 13:36:13 GMT+0400 (Gulf Standard Time),1,218,
1398,170,Thu Dec 04 2025 13:58:15 GMT+0400 (Gulf Standard Time),1,211,
1399,170,Thu Dec 04 2025 14:00:21 GMT+0400 (Gulf Standard Time),1,214,
1401,170,Thu Dec 04 2025 14:02:07 GMT+0400 (Gulf Standard Time),1,205,
1405,220,Thu Dec 04 2025 16:53:26 GMT+0400 (Gulf Standard Time),1,205,
1406,220,Thu Dec 04 2025 16:57:43 GMT+0400 (Gulf Standard Time),1,218,
1418,184,Thu Dec 04 2025 19:15:38 GMT+0400 (Gulf Standard Time),1,218,
1419,184,Thu Dec 04 2025 19:21:02 GMT+0400 (Gulf Standard Time),1,205,
1421,184,Thu Dec 04 2025 19:24:31 GMT+0400 (Gulf Standard Time),1,214,
1425,180,Thu Dec 04 2025 20:04:51 GMT+0400 (Gulf Standard Time),1,212,
1427,180,Thu Dec 04 2025 20:07:27 GMT+0400 (Gulf Standard Time),1,211,
1428,179,Thu Dec 04 2025 20:10:15 GMT+0400 (Gulf Standard Time),1,205,
1432,188,Thu Dec 04 2025 23:02:04 GMT+0400 (Gulf Standard Time),1,214,
1433,231,Fri Dec 05 2025 00:18:32 GMT+0400 (Gulf Standard Time),1,215,
1437,174,Fri Dec 05 2025 13:32:30 GMT+0400 (Gulf Standard Time),1,214,
1438,161,Fri Dec 05 2025 15:33:40 GMT+0400 (Gulf Standard Time),1,223,
1445,203,Fri Dec 05 2025 17:19:17 GMT+0400 (Gulf Standard Time),1,218,
1446,205,Fri Dec 05 2025 17:39:46 GMT+0400 (Gulf Standard Time),1,220,
1460,218,Sat Dec 06 2025 17:09:26 GMT+0400 (Gulf Standard Time),1,208,
1461,218,Sat Dec 06 2025 17:32:58 GMT+0400 (Gulf Standard Time),1,214,
1462,186,Sat Dec 06 2025 17:40:18 GMT+0400 (Gulf Standard Time),1,214,
1463,218,Sat Dec 06 2025 17:41:12 GMT+0400 (Gulf Standard Time),1,215,
1464,218,Sat Dec 06 2025 20:30:30 GMT+0400 (Gulf Standard Time),1,223,
1466,164,Sat Dec 06 2025 21:16:56 GMT+0400 (Gulf Standard Time),1,211,
1467,164,Sat Dec 06 2025 21:18:10 GMT+0400 (Gulf Standard Time),1,218,
1468,182,Sun Dec 07 2025 10:05:59 GMT+0400 (Gulf Standard Time),1,225,
1474,218,Sun Dec 07 2025 13:56:59 GMT+0400 (Gulf Standard Time),1,213,
1475,161,Sun Dec 07 2025 14:02:30 GMT+0400 (Gulf Standard Time),1,225,
1476,161,Sun Dec 07 2025 14:12:31 GMT+0400 (Gulf Standard Time),1,212,
1479,161,Sun Dec 07 2025 14:47:38 GMT+0400 (Gulf Standard Time),1,216,
1497,208,Mon Dec 08 2025 10:33:04 GMT+0400 (Gulf Standard Time),1,211,
1503,191,Mon Dec 08 2025 18:54:58 GMT+0400 (Gulf Standard Time),1,194,
1505,186,Mon Dec 08 2025 20:44:29 GMT+0400 (Gulf Standard Time),1,215,
1515,183,Tue Dec 09 2025 19:00:00 GMT+0400 (Gulf Standard Time),1,200,
1517,183,Tue Dec 09 2025 19:08:57 GMT+0400 (Gulf Standard Time),1,218,
1518,183,Tue Dec 09 2025 19:10:52 GMT+0400 (Gulf Standard Time),1,228,
1519,183,Tue Dec 09 2025 19:12:47 GMT+0400 (Gulf Standard Time),1,216,
1523,199,Tue Dec 09 2025 20:57:07 GMT+0400 (Gulf Standard Time),1,212,
1526,212,Tue Dec 09 2025 23:11:39 GMT+0400 (Gulf Standard Time),1,216,
1528,212,Tue Dec 09 2025 23:16:25 GMT+0400 (Gulf Standard Time),1,222,
1530,153,Wed Dec 10 2025 10:25:17 GMT+0400 (Gulf Standard Time),1,211,
1533,186,Wed Dec 10 2025 12:03:59 GMT+0400 (Gulf Standard Time),1,228,
1534,171,Wed Dec 10 2025 17:49:12 GMT+0400 (Gulf Standard Time),1,228,
1538,156,Wed Dec 10 2025 18:02:21 GMT+0400 (Gulf Standard Time),1,229,
1539,200,Wed Dec 10 2025 20:23:16 GMT+0400 (Gulf Standard Time),1,225,
1541,166,Thu Dec 11 2025 09:57:56 GMT+0400 (Gulf Standard Time),1,212,
1542,166,Thu Dec 11 2025 10:02:47 GMT+0400 (Gulf Standard Time),1,204,
1543,170,Thu Dec 11 2025 11:29:21 GMT+0400 (Gulf Standard Time),1,228,
1545,170,Thu Dec 11 2025 11:31:30 GMT+0400 (Gulf Standard Time),1,218,
1546,170,Thu Dec 11 2025 11:33:03 GMT+0400 (Gulf Standard Time),1,222,
1547,27,Thu Dec 11 2025 11:45:00 GMT+0400 (Gulf Standard Time),1,77,Daniel Ventin (Jardin Partagé)
1550,229,Thu Dec 11 2025 12:43:35 GMT+0400 (Gulf Standard Time),1,77,
1551,165,Thu Dec 11 2025 16:38:16 GMT+0400 (Gulf Standard Time),1,200,
1552,164,Thu Dec 11 2025 16:49:19 GMT+0400 (Gulf Standard Time),1,211,
1553,164,Thu Dec 11 2025 16:50:03 GMT+0400 (Gulf Standard Time),1,224,
1554,164,Thu Dec 11 2025 17:03:02 GMT+0400 (Gulf Standard Time),1,224,
1558,231,Thu Dec 11 2025 20:54:41 GMT+0400 (Gulf Standard Time),1,224,
1561,153,Thu Dec 11 2025 21:13:23 GMT+0400 (Gulf Standard Time),1,225,
1563,203,Fri Dec 12 2025 09:15:19 GMT+0400 (Gulf Standard Time),1,211,
1564,151,Fri Dec 12 2025 13:47:57 GMT+0400 (Gulf Standard Time),1,211,
1565,151,Fri Dec 12 2025 13:49:29 GMT+0400 (Gulf Standard Time),1,224,
1566,153,Fri Dec 12 2025 17:36:20 GMT+0400 (Gulf Standard Time),1,216,
1568,186,Fri Dec 12 2025 20:54:59 GMT+0400 (Gulf Standard Time),1,217,
1569,186,Fri Dec 12 2025 20:56:35 GMT+0400 (Gulf Standard Time),1,224,
1570,218,Fri Dec 12 2025 21:32:42 GMT+0400 (Gulf Standard Time),1,224,
1571,186,Fri Dec 12 2025 21:39:44 GMT+0400 (Gulf Standard Time),1,225,
1572,218,Fri Dec 12 2025 21:44:18 GMT+0400 (Gulf Standard Time),1,225,
1573,199,Fri Dec 12 2025 22:03:09 GMT+0400 (Gulf Standard Time),1,224,
1574,199,Fri Dec 12 2025 22:09:47 GMT+0400 (Gulf Standard Time),1,225,
1577,174,Fri Dec 12 2025 22:26:18 GMT+0400 (Gulf Standard Time),1,224,
1581,218,Sat Dec 13 2025 10:33:34 GMT+0400 (Gulf Standard Time),1,222,
1585,181,Sat Dec 13 2025 11:24:53 GMT+0400 (Gulf Standard Time),1,217,
1587,218,Sun Dec 14 2025 08:49:07 GMT+0400 (Gulf Standard Time),1,220,
1588,181,Sun Dec 14 2025 18:46:47 GMT+0400 (Gulf Standard Time),1,217,
1589,181,Sun Dec 14 2025 18:49:00 GMT+0400 (Gulf Standard Time),1,232,
1590,138,Sun Dec 14 2025 19:59:35 GMT+0400 (Gulf Standard Time),1,228,
1593,218,Sun Dec 14 2025 20:48:36 GMT+0400 (Gulf Standard Time),1,218,
1597,181,Sun Dec 14 2025 20:59:20 GMT+0400 (Gulf Standard Time),1,232,
1598,143,Sun Dec 14 2025 21:02:53 GMT+0400 (Gulf Standard Time),1,222,
1600,143,Sun Dec 14 2025 21:03:44 GMT+0400 (Gulf Standard Time),1,220,
1605,144,Sun Dec 14 2025 21:07:25 GMT+0400 (Gulf Standard Time),1,232,
1610,164,Mon Dec 15 2025 11:58:00 GMT+0400 (Gulf Standard Time),1,225,
1611,161,Mon Dec 15 2025 12:27:11 GMT+0400 (Gulf Standard Time),1,225,
1612,155,Mon Dec 15 2025 12:29:08 GMT+0400 (Gulf Standard Time),1,221,
1613,230,Mon Dec 15 2025 13:39:02 GMT+0400 (Gulf Standard Time),1,225,
1614,230,Mon Dec 15 2025 13:42:35 GMT+0400 (Gulf Standard Time),1,232,
1615,174,Mon Dec 15 2025 15:07:18 GMT+0400 (Gulf Standard Time),1,225,
1617,200,Mon Dec 15 2025 17:08:32 GMT+0400 (Gulf Standard Time),1,232,
1619,209,Mon Dec 15 2025 20:29:40 GMT+0400 (Gulf Standard Time),1,225,Ok
1621,209,Mon Dec 15 2025 20:39:48 GMT+0400 (Gulf Standard Time),1,216,Ok
1623,209,Mon Dec 15 2025 20:46:24 GMT+0400 (Gulf Standard Time),1,220,Ok
1625,209,Mon Dec 15 2025 20:47:57 GMT+0400 (Gulf Standard Time),1,229,Ok
1626,218,Mon Dec 15 2025 20:58:12 GMT+0400 (Gulf Standard Time),1,221,
1627,167,Tue Dec 16 2025 12:32:13 GMT+0400 (Gulf Standard Time),1,232,
1629,186,Wed Dec 17 2025 15:21:21 GMT+0400 (Gulf Standard Time),1,232,
1630,171,Wed Dec 17 2025 20:11:34 GMT+0400 (Gulf Standard Time),1,232,
1631,231,Thu Dec 18 2025 13:06:21 GMT+0400 (Gulf Standard Time),1,234,
1636,218,Thu Dec 18 2025 17:51:19 GMT+0400 (Gulf Standard Time),1,216,
1638,156,Fri Dec 19 2025 10:10:25 GMT+0400 (Gulf Standard Time),1,232,
1644,152,Fri Dec 19 2025 12:38:48 GMT+0400 (Gulf Standard Time),1,232,
1645,152,Fri Dec 19 2025 12:41:08 GMT+0400 (Gulf Standard Time),1,216,
1647,143,Fri Dec 19 2025 17:27:32 GMT+0400 (Gulf Standard Time),1,235,
1649,218,Sat Dec 20 2025 16:46:37 GMT+0400 (Gulf Standard Time),1,232,
1653,231,Mon Dec 22 2025 16:03:17 GMT+0400 (Gulf Standard Time),1,236,
1664,170,Mon Dec 29 2025 11:42:03 GMT+0400 (Gulf Standard Time),1,234,
1675,218,Mon Dec 29 2025 18:57:40 GMT+0400 (Gulf Standard Time),1,229,
1676,180,Tue Dec 30 2025 19:47:34 GMT+0400 (Gulf Standard Time),1,220,
1677,180,Tue Dec 30 2025 19:49:02 GMT+0400 (Gulf Standard Time),1,229,
1678,180,Tue Dec 30 2025 19:49:48 GMT+0400 (Gulf Standard Time),1,233,
1679,180,Tue Dec 30 2025 19:50:58 GMT+0400 (Gulf Standard Time),1,235,
1682,174,Wed Dec 31 2025 22:06:54 GMT+0400 (Gulf Standard Time),1,234,
1687,200,Thu Jan 01 2026 09:41:03 GMT+0400 (Gulf Standard Time),1,235,
1688,200,Thu Jan 01 2026 09:42:41 GMT+0400 (Gulf Standard Time),1,220,
1694,184,Thu Jan 01 2026 20:18:21 GMT+0400 (Gulf Standard Time),1,220,
1695,184,Thu Jan 01 2026 20:21:12 GMT+0400 (Gulf Standard Time),1,234,
1697,186,Thu Jan 01 2026 21:27:33 GMT+0400 (Gulf Standard Time),1,234,
1698,153,Thu Jan 01 2026 21:54:02 GMT+0400 (Gulf Standard Time),1,234,
1699,182,Fri Jan 02 2026 10:14:06 GMT+0400 (Gulf Standard Time),1,234,
1700,170,Fri Jan 02 2026 11:37:36 GMT+0400 (Gulf Standard Time),1,220,
1701,170,Fri Jan 02 2026 11:39:02 GMT+0400 (Gulf Standard Time),1,236,
1704,156,Fri Jan 02 2026 14:43:04 GMT+0400 (Gulf Standard Time),1,235,
1708,144,Fri Jan 02 2026 15:39:43 GMT+0400 (Gulf Standard Time),1,233,
1709,144,Fri Jan 02 2026 15:41:01 GMT+0400 (Gulf Standard Time),1,234,
1710,144,Fri Jan 02 2026 15:41:59 GMT+0400 (Gulf Standard Time),1,236,
1711,161,Fri Jan 02 2026 19:12:01 GMT+0400 (Gulf Standard Time),1,234,
1713,164,Sun Jan 04 2026 19:09:18 GMT+0400 (Gulf Standard Time),1,236,
1723,153,Mon Jan 05 2026 13:43:04 GMT+0400 (Gulf Standard Time),1,241,
1725,181,Mon Jan 05 2026 13:55:49 GMT+0400 (Gulf Standard Time),1,236,
1728,209,Mon Jan 05 2026 14:59:45 GMT+0400 (Gulf Standard Time),1,241,
1733,196,Mon Jan 05 2026 15:36:52 GMT+0400 (Gulf Standard Time),1,236,
1734,186,Mon Jan 05 2026 17:03:54 GMT+0400 (Gulf Standard Time),1,234,
1738,182,Mon Jan 05 2026 22:03:11 GMT+0400 (Gulf Standard Time),1,235,
1739,218,Mon Jan 05 2026 22:05:04 GMT+0400 (Gulf Standard Time),1,235,
1742,170,Tue Jan 06 2026 12:11:17 GMT+0400 (Gulf Standard Time),1,230,
1743,170,Tue Jan 06 2026 12:11:59 GMT+0400 (Gulf Standard Time),1,241,
1750,178,Thu Jan 08 2026 16:31:04 GMT+0400 (Gulf Standard Time),1,241,
1753,178,Thu Jan 08 2026 16:44:04 GMT+0400 (Gulf Standard Time),1,244,
1756,186,Thu Jan 08 2026 20:00:26 GMT+0400 (Gulf Standard Time),1,230,
1757,218,Fri Jan 09 2026 10:13:10 GMT+0400 (Gulf Standard Time),1,236,
1758,186,Fri Jan 09 2026 10:22:02 GMT+0400 (Gulf Standard Time),1,236,
1762,156,Fri Jan 09 2026 11:25:52 GMT+0400 (Gulf Standard Time),1,237,
1768,218,Fri Jan 09 2026 11:54:41 GMT+0400 (Gulf Standard Time),1,237,
1769,231,Fri Jan 09 2026 11:57:01 GMT+0400 (Gulf Standard Time),1,245,
1771,231,Fri Jan 09 2026 11:58:53 GMT+0400 (Gulf Standard Time),1,244,
1774,165,Fri Jan 09 2026 13:40:45 GMT+0400 (Gulf Standard Time),1,244,
1775,174,Fri Jan 09 2026 14:04:58 GMT+0400 (Gulf Standard Time),1,236,
1779,143,Fri Jan 09 2026 15:16:01 GMT+0400 (Gulf Standard Time),1,237,
1780,200,Fri Jan 09 2026 16:18:18 GMT+0400 (Gulf Standard Time),1,236,
1781,152,Fri Jan 09 2026 16:22:11 GMT+0400 (Gulf Standard Time),1,236,
1784,152,Fri Jan 09 2026 16:25:31 GMT+0400 (Gulf Standard Time),1,244,
1786,170,Fri Jan 09 2026 17:52:23 GMT+0400 (Gulf Standard Time),1,251,
1787,164,Fri Jan 09 2026 18:38:01 GMT+0400 (Gulf Standard Time),1,251,
1788,186,Fri Jan 09 2026 20:22:10 GMT+0400 (Gulf Standard Time),1,251,
1797,180,Sun Jan 11 2026 13:36:42 GMT+0400 (Gulf Standard Time),1,249,
1798,218,Sun Jan 11 2026 15:16:57 GMT+0400 (Gulf Standard Time),1,244,
1799,218,Sun Jan 11 2026 15:38:42 GMT+0400 (Gulf Standard Time),1,252,
1802,184,Mon Jan 12 2026 14:37:58 GMT+0400 (Gulf Standard Time),1,241,
1805,161,Mon Jan 12 2026 19:15:23 GMT+0400 (Gulf Standard Time),1,253,
1806,181,Mon Jan 12 2026 19:57:06 GMT+0400 (Gulf Standard Time),1,245,
1808,181,Mon Jan 12 2026 19:59:26 GMT+0400 (Gulf Standard Time),1,253,
1813,156,Mon Jan 12 2026 21:01:20 GMT+0400 (Gulf Standard Time),1,248,
1814,156,Mon Jan 12 2026 21:09:39 GMT+0400 (Gulf Standard Time),1,249,
1818,197,Mon Jan 12 2026 22:00:55 GMT+0400 (Gulf Standard Time),1,233,
1819,197,Mon Jan 12 2026 22:03:30 GMT+0400 (Gulf Standard Time),1,245,
1820,197,Mon Jan 12 2026 22:11:59 GMT+0400 (Gulf Standard Time),1,253,
1821,197,Mon Jan 12 2026 22:13:12 GMT+0400 (Gulf Standard Time),1,252,
1824,161,Mon Jan 12 2026 22:58:54 GMT+0400 (Gulf Standard Time),1,253,
1826,209,Mon Jan 12 2026 23:34:46 GMT+0400 (Gulf Standard Time),1,253,Ok
1830,231,Tue Jan 13 2026 09:35:05 GMT+0400 (Gulf Standard Time),1,247,
1834,144,Tue Jan 13 2026 16:30:52 GMT+0400 (Gulf Standard Time),1,245,
1835,152,Tue Jan 13 2026 18:37:38 GMT+0400 (Gulf Standard Time),1,247,
1837,218,Wed Jan 14 2026 19:47:29 GMT+0400 (Gulf Standard Time),1,251,
1838,182,Thu Jan 15 2026 07:44:49 GMT+0400 (Gulf Standard Time),1,246,
1840,153,Thu Jan 15 2026 08:22:56 GMT+0400 (Gulf Standard Time),1,251,
1841,153,Thu Jan 15 2026 08:24:16 GMT+0400 (Gulf Standard Time),1,245,
1847,143,Thu Jan 15 2026 10:16:26 GMT+0400 (Gulf Standard Time),1,249,
1848,143,Thu Jan 15 2026 10:17:40 GMT+0400 (Gulf Standard Time),1,251,
1849,143,Thu Jan 15 2026 10:18:33 GMT+0400 (Gulf Standard Time),1,252,
1850,143,Thu Jan 15 2026 10:19:50 GMT+0400 (Gulf Standard Time),1,150,
1851,156,Thu Jan 15 2026 11:53:42 GMT+0400 (Gulf Standard Time),1,253,
1854,180,Thu Jan 15 2026 18:37:19 GMT+0400 (Gulf Standard Time),1,251,
1855,180,Thu Jan 15 2026 18:40:55 GMT+0400 (Gulf Standard Time),1,246,
1858,169,Thu Jan 15 2026 21:43:30 GMT+0400 (Gulf Standard Time),1,253,
1859,151,Fri Jan 16 2026 07:55:01 GMT+0400 (Gulf Standard Time),1,246,
1860,201,Fri Jan 16 2026 08:20:53 GMT+0400 (Gulf Standard Time),1,253,
1861,201,Fri Jan 16 2026 08:22:36 GMT+0400 (Gulf Standard Time),1,251,
1862,230,Fri Jan 16 2026 10:06:41 GMT+0400 (Gulf Standard Time),1,245,
1863,230,Fri Jan 16 2026 10:08:09 GMT+0400 (Gulf Standard Time),1,241,
1864,230,Fri Jan 16 2026 10:08:34 GMT+0400 (Gulf Standard Time),1,251,
1865,164,Fri Jan 16 2026 15:18:26 GMT+0400 (Gulf Standard Time),1,245,
1869,174,Fri Jan 16 2026 17:44:29 GMT+0400 (Gulf Standard Time),1,245,
1872,218,Fri Jan 16 2026 20:33:16 GMT+0400 (Gulf Standard Time),1,245,
1873,218,Fri Jan 16 2026 20:53:22 GMT+0400 (Gulf Standard Time),1,246,
1874,170,Sat Jan 17 2026 12:22:19 GMT+0400 (Gulf Standard Time),1,249,
1875,218,Sat Jan 17 2026 12:37:10 GMT+0400 (Gulf Standard Time),1,250,
1876,218,Sat Jan 17 2026 12:41:50 GMT+0400 (Gulf Standard Time),1,239,
1878,170,Sat Jan 17 2026 15:03:41 GMT+0400 (Gulf Standard Time),1,247,
1879,170,Sat Jan 17 2026 15:04:53 GMT+0400 (Gulf Standard Time),1,233,
1881,143,Sat Jan 17 2026 20:17:57 GMT+0400 (Gulf Standard Time),1,246,
1884,161,Sun Jan 18 2026 11:46:08 GMT+0400 (Gulf Standard Time),1,255,
1890,178,Tue Jan 20 2026 16:58:23 GMT+0400 (Gulf Standard Time),1,254,pour le jeudi 29 décembre
1891,161,Tue Jan 20 2026 17:02:44 GMT+0400 (Gulf Standard Time),1,267,
1908,197,Tue Jan 20 2026 21:12:29 GMT+0400 (Gulf Standard Time),1,264,
1917,153,Tue Jan 20 2026 23:20:03 GMT+0400 (Gulf Standard Time),1,248,
1918,153,Tue Jan 20 2026 23:22:12 GMT+0400 (Gulf Standard Time),1,267,
1925,168,Wed Jan 21 2026 13:27:16 GMT+0400 (Gulf Standard Time),1,241,
1926,168,Wed Jan 21 2026 13:27:55 GMT+0400 (Gulf Standard Time),1,247,
1927,168,Wed Jan 21 2026 13:30:00 GMT+0400 (Gulf Standard Time),1,269,
1928,218,Wed Jan 21 2026 13:53:19 GMT+0400 (Gulf Standard Time),1,233,
1929,218,Wed Jan 21 2026 13:55:36 GMT+0400 (Gulf Standard Time),1,264,
1932,181,Wed Jan 21 2026 19:59:29 GMT+0400 (Gulf Standard Time),1,247,
1936,143,Wed Jan 21 2026 20:50:30 GMT+0400 (Gulf Standard Time),1,255,
1937,143,Wed Jan 21 2026 20:52:03 GMT+0400 (Gulf Standard Time),1,254,
1938,170,Wed Jan 21 2026 21:01:41 GMT+0400 (Gulf Standard Time),1,254,
1939,170,Wed Jan 21 2026 21:03:38 GMT+0400 (Gulf Standard Time),1,256,
1940,170,Wed Jan 21 2026 21:04:19 GMT+0400 (Gulf Standard Time),1,258,
1941,170,Wed Jan 21 2026 21:05:06 GMT+0400 (Gulf Standard Time),1,265,
1942,170,Wed Jan 21 2026 21:06:32 GMT+0400 (Gulf Standard Time),1,260,
1945,170,Wed Jan 21 2026 21:07:44 GMT+0400 (Gulf Standard Time),1,269,
1948,153,Thu Jan 22 2026 08:24:38 GMT+0400 (Gulf Standard Time),1,269,
1949,144,Thu Jan 22 2026 09:58:18 GMT+0400 (Gulf Standard Time),1,247,
1950,144,Thu Jan 22 2026 09:58:51 GMT+0400 (Gulf Standard Time),1,248,
1951,144,Thu Jan 22 2026 09:59:29 GMT+0400 (Gulf Standard Time),1,256,
1953,186,Thu Jan 22 2026 10:43:32 GMT+0400 (Gulf Standard Time),1,246,
1955,165,Thu Jan 22 2026 12:04:00 GMT+0400 (Gulf Standard Time),1,269,
1956,168,Thu Jan 22 2026 13:42:45 GMT+0400 (Gulf Standard Time),1,241,
1957,164,Thu Jan 22 2026 16:27:23 GMT+0400 (Gulf Standard Time),1,247,
1958,164,Thu Jan 22 2026 16:28:05 GMT+0400 (Gulf Standard Time),1,264,
1959,164,Thu Jan 22 2026 16:28:22 GMT+0400 (Gulf Standard Time),1,269,
1961,205,Thu Jan 22 2026 16:50:14 GMT+0400 (Gulf Standard Time),1,264,
1962,205,Thu Jan 22 2026 16:52:12 GMT+0400 (Gulf Standard Time),1,269,
1963,205,Thu Jan 22 2026 16:54:42 GMT+0400 (Gulf Standard Time),1,233,
1971,180,Fri Jan 23 2026 11:01:41 GMT+0400 (Gulf Standard Time),1,267,
1972,200,Fri Jan 23 2026 12:14:44 GMT+0400 (Gulf Standard Time),1,247,
1974,200,Fri Jan 23 2026 12:21:21 GMT+0400 (Gulf Standard Time),1,265,
1975,200,Fri Jan 23 2026 12:22:11 GMT+0400 (Gulf Standard Time),1,263,
1979,156,Fri Jan 23 2026 19:04:53 GMT+0400 (Gulf Standard Time),1,257,
1984,184,Fri Jan 23 2026 19:49:48 GMT+0400 (Gulf Standard Time),1,264,
1985,178,Fri Jan 23 2026 23:12:01 GMT+0400 (Gulf Standard Time),1,267,
1990,182,Sat Jan 24 2026 09:58:19 GMT+0400 (Gulf Standard Time),1,248,
1991,174,Sat Jan 24 2026 09:59:00 GMT+0400 (Gulf Standard Time),1,247,
1992,218,Sat Jan 24 2026 10:01:03 GMT+0400 (Gulf Standard Time),1,247,
1995,186,Sat Jan 24 2026 10:04:16 GMT+0400 (Gulf Standard Time),1,247,
1996,218,Sat Jan 24 2026 10:08:41 GMT+0400 (Gulf Standard Time),1,248,
1997,158,Sat Jan 24 2026 10:11:06 GMT+0400 (Gulf Standard Time),1,264,
1999,158,Sat Jan 24 2026 10:12:54 GMT+0400 (Gulf Standard Time),1,269,
2006,205,Sat Jan 24 2026 11:16:22 GMT+0400 (Gulf Standard Time),1,267,
2009,152,Sun Jan 25 2026 12:32:31 GMT+0400 (Gulf Standard Time),1,256,
2013,170,Sun Jan 25 2026 15:20:40 GMT+0400 (Gulf Standard Time),1,255,
2014,218,Sun Jan 25 2026 15:21:02 GMT+0400 (Gulf Standard Time),1,255,
2020,161,Tue Jan 27 2026 13:40:58 GMT+0400 (Gulf Standard Time),1,262,
2021,153,Tue Jan 27 2026 14:10:09 GMT+0400 (Gulf Standard Time),1,262,
2023,153,Tue Jan 27 2026 14:12:41 GMT+0400 (Gulf Standard Time),1,256,
2025,218,Wed Jan 28 2026 15:08:11 GMT+0400 (Gulf Standard Time),1,272,
2027,218,Wed Jan 28 2026 15:12:25 GMT+0400 (Gulf Standard Time),1,263,
2030,208,Wed Jan 28 2026 15:41:58 GMT+0400 (Gulf Standard Time),1,262,
2031,181,Thu Jan 29 2026 10:40:16 GMT+0400 (Gulf Standard Time),1,256,
2035,182,Thu Jan 29 2026 15:39:54 GMT+0400 (Gulf Standard Time),1,257,
2036,180,Thu Jan 29 2026 17:32:46 GMT+0400 (Gulf Standard Time),1,269,
2037,218,Thu Jan 29 2026 17:33:45 GMT+0400 (Gulf Standard Time),1,269,
2040,197,Thu Jan 29 2026 21:05:06 GMT+0400 (Gulf Standard Time),1,256,
2041,197,Thu Jan 29 2026 21:10:31 GMT+0400 (Gulf Standard Time),1,241,
2043,197,Thu Jan 29 2026 21:15:12 GMT+0400 (Gulf Standard Time),1,269,
2044,174,Fri Jan 30 2026 04:40:34 GMT+0400 (Gulf Standard Time),1,256,
2047,186,Fri Jan 30 2026 11:34:42 GMT+0400 (Gulf Standard Time),1,256,
2048,164,Fri Jan 30 2026 15:01:05 GMT+0400 (Gulf Standard Time),1,256,
2050,169,Fri Jan 30 2026 15:33:34 GMT+0400 (Gulf Standard Time),1,76,
2052,203,Fri Jan 30 2026 18:40:48 GMT+0400 (Gulf Standard Time),1,76,
2053,203,Fri Jan 30 2026 18:45:39 GMT+0400 (Gulf Standard Time),1,239,
2054,203,Fri Jan 30 2026 18:47:02 GMT+0400 (Gulf Standard Time),1,263,
2055,203,Fri Jan 30 2026 18:48:21 GMT+0400 (Gulf Standard Time),1,265,
2056,203,Fri Jan 30 2026 18:49:20 GMT+0400 (Gulf Standard Time),1,269,
2058,218,Fri Jan 30 2026 23:29:17 GMT+0400 (Gulf Standard Time),1,256,
2059,218,Fri Jan 30 2026 23:36:34 GMT+0400 (Gulf Standard Time),1,257,
2061,231,Sat Jan 31 2026 16:28:58 GMT+0400 (Gulf Standard Time),1,258,
2062,231,Sat Jan 31 2026 16:30:58 GMT+0400 (Gulf Standard Time),1,76,
2064,153,Sun Feb 01 2026 14:08:23 GMT+0400 (Gulf Standard Time),1,76,
2065,153,Sun Feb 01 2026 14:10:45 GMT+0400 (Gulf Standard Time),1,259,
2066,152,Sun Feb 01 2026 18:40:35 GMT+0400 (Gulf Standard Time),1,76,
2067,152,Sun Feb 01 2026 18:43:11 GMT+0400 (Gulf Standard Time),1,258,